ticker,name,close,volume,turnover,market_cap,tradable_market_cap,special_treatment,ff_ratio,shares_total
688001,华兴源创,63.9,24786266,152112.1792,2944628.01684,2944628.01684,False,1.0,460818156.0
688002,睿创微纳,147.26,7700737,112966.4597,6858441.280154,6858441.280154,False,1.0,465736879.0
688003,天准科技,77.88,4560594,35535.9525,1513368.054,1513368.054,False,1.0,194320500.0
688004,博汇科技,24.29,1546300,3756.6546,194533.752,194533.752,False,1.0,80088000.0
688005,容百科技,39.1,50019063,197464.8218,2794576.5877,2794159.32032,False,0.9998506867259117,714725470.0
688006,杭可科技,32.88,21453445,72423.9688,1984874.0357759998,1984874.0357759998,False,1.0,603672152.0
688007,光峰科技,15.8,6082427,9512.8368,726192.7033,726192.7033,False,1.0,459615635.0
688008,澜起科技,210.27,62384507,1300278.9032,25699199.841567002,24105910.457067,False,0.9380023738356653,1222200021.0
688009,中国通号,5.08,38772817,19661.729,5379628.052,4379477.144,False,0.8140854909795909,10589819000.0
688010,福光股份,35.07,4162137,14396.5707,563089.454046,563089.454046,False,1.0,160561578.0
688011,新光光电,68.68,2549641,17456.9135,686800.0,684482.2079640001,False,0.9966252300000001,100000000.0
688012,中微公司,370.0,17541017,655493.4291,23195958.97,23195958.97,False,1.0,626917810.0
688013,天臣医疗,35.8,1693850,6078.879,290537.048,290537.048,False,1.0,81155600.0
688015,交控科技,22.03,1709620,3743.5357,415663.67462600005,415663.67462600005,False,1.0,188680742.0
688016,心脉医疗,101.68,1766423,17997.3522,1253329.205656,1253329.205656,False,1.0,123262117.0
688017,绿的谐波,262.99,16480105,418924.3596,4821398.957375,4821398.957375,False,1.0,183330125.0
688018,乐鑫科技,174.78,4774207,83753.9828,2921325.52878,2921325.52878,False,1.0,167143010.0
688019,安集科技,256.0,4763526,122262.7367,4479856.5376,4479856.5376,False,1.0,174994396.0
688020,方邦股份,165.1,5396790,89184.0807,1360242.39,1360242.39,False,1.0,82389000.0
688021,奥福科技,28.5,3342443,9483.8927,217779.09345,217779.09345,False,1.0,76413717.0
688022,ST瀚川,10.62,22768796,24021.4563,186782.780088,186782.780088,True,1.0,175878324.0
688023,安恒信息,46.27,3597711,16856.7624,470956.784333,470956.784333,False,1.0,101784479.0
688025,杰普特,375.02,3753763,138719.3018,3564543.461346,3564543.461346,False,1.0,95049423.0
688026,洁特生物,16.52,1741342,2875.3936,231882.033404,231807.98746,False,0.9996806740784829,140364427.0
688027,国盾量子,590.6,1932798,114208.1728,6074970.71906,4746910.2922,False,0.7813881764576645,102861001.0
688028,沃尔德,133.35,8232473,109282.7315,2012904.915,2012904.915,False,1.0,150949000.0
688029,南微医学,83.0,1452996,12036.6449,1559133.6026,1559133.6026,False,1.0,187847422.0
688030,山石网科,16.93,3278756,5607.0218,305139.324524,305139.324524,False,1.0,180235868.0
688031,星环科技,153.6,13778365,211356.2786,1860647.66976,1860647.66976,False,1.0,121135916.0
688032,禾迈股份,116.91,1990711,22936.9255,1450543.8145950001,1450543.8145950001,False,1.0,124073545.0
688033,*ST天宜,7.93,26928648,20037.3644,445823.486628,445823.486628,True,1.0,562198596.0
688035,德邦科技,79.41,7310186,57798.1321,1129527.84,1129527.84,False,1.0,142240000.0
688036,传音控股,57.42,9583834,55129.9122,6610101.65739,6610101.65739,False,1.0,1151184545.0
688037,芯源微,227.97,6948543,160395.8373,4596497.466912,4596497.466912,False,1.0,201627296.0
688038,中科通达,21.26,4408502,9329.5588,247409.8484,247409.8484,False,1.0,116373400.0
688039,当虹科技,44.89,2256553,10176.8019,496489.79233599995,496489.79233599995,False,1.0,110601424.0
688041,海光信息,323.28,49970595,1624286.3702,75141201.805848,75141201.805848,False,1.0,2324338091.0
688045,必易微,62.21,2621358,16128.3394,439059.44856899994,439059.44856899994,False,1.0,70576989.0
688046,药康生物,20.48,4790985,9907.7395,839680.0,839680.0,False,1.0,410000000.0
688047,龙芯中科,173.82,14416146,252795.6461,6970182.0,6970182.0,False,1.0,401000000.0
688048,长光华芯,438.88,18019734,751556.5742,7736574.1383839995,7736574.1383839995,False,1.0,176279943.0
688049,炬芯科技,49.08,5677495,27722.0764,859722.8262,859722.8262,False,1.0,175167650.0
688050,爱博医疗,50.81,1423495,7231.4623,982681.532175,982681.532175,False,1.0,193403175.0
688051,佳华科技,47.98,2317892,11140.9256,371048.532,371048.532,False,1.0,77334000.0
688052,纳芯微,201.0,3217292,64523.7342,3268731.0033,2864821.5033,False,0.8764323220258178,162623433.0
688053,ST思科瑞,43.37,1719774,7364.3747,433700.0,433700.0,True,1.0,100000000.0
688055,龙腾光电,4.76,51578404,24453.8179,1586666.6984,1586666.6984,False,1.0,3333333400.0
688056,莱伯泰科,36.66,966385,3505.5582,247280.71836,247280.71836,False,1.0,67452460.0
688057,金达莱,12.81,3072028,3920.1088,353556.0,353556.0,False,1.0,276000000.0
688058,宝兰德,30.26,1261532,3829.4559,229481.382144,229481.382144,False,1.0,75836544.0
688059,华锐精密,144.9,3404606,49134.2086,1448808.26832,1355953.42134,False,0.9359094995449797,99986768.0
688060,云涌科技,48.18,353849,1697.5225,289998.927504,289998.927504,False,1.0,60190728.0
688061,灿瑞科技,39.15,3580945,13696.0177,449791.965765,449791.965765,False,1.0,114889391.0
688062,迈威生物,35.16,9415731,32798.569,1570703.3832,717861.72,False,0.4570320072383734,446730200.0
688063,派能科技,77.84,14325814,113719.5594,1909876.3942159999,1909876.3942159999,False,1.0,245359249.0
688065,凯赛生物,47.6,5704884,27277.8443,3433339.4194400003,2776879.46564,False,0.8087984106426993,721289794.0
688066,*ST航图,12.66,18315526,22926.0136,330780.975006,330780.975006,True,1.0,261280391.0
688067,爱威科技,28.89,969871,2802.4458,196452.0,196452.0,False,1.0,68000000.0
688068,热景生物,111.91,1293799,14533.777,1037494.55654,1037494.55654,False,1.0,92707940.0
688069,德林海,54.69,11221720,61012.6498,617997.0,617997.0,False,1.0,113000000.0
688070,纵横股份,46.81,2483277,11575.1977,413896.3605,413896.3605,False,1.0,88420500.0
688071,华依科技,34.49,1953943,6753.6324,292439.758076,292439.758076,False,1.0,84789724.0
688072,拓荆科技,463.05,4737735,220530.5313,13090099.92066,13090099.92066,False,1.0,282693012.0
688073,毕得医药,59.24,1896633,11301.7379,538390.583952,538390.583952,False,1.0,90882948.0
688075,安旭生物,37.3,523556,1951.5869,474018.86265,474018.86265,False,1.0,127082805.0
688076,ST诺泰,32.1,6836214,21547.8883,1014526.5893700001,1014526.5893700001,True,1.0,316051897.0
688077,大地熊,31.66,2937868,9211.2691,362438.94366399996,362438.94366399996,False,1.0,114478504.0
688078,龙软科技,27.17,1487941,4064.7863,198050.281,198050.281,False,1.0,72893000.0
688079,美迪凯,16.42,10405121,16914.9708,675739.448676,664042.628836,False,0.9826903403924131,411534378.0
688080,映翰通,45.98,1702945,7823.9453,338670.894936,338670.894936,False,1.0,73656132.0
688081,兴图新科,55.43,2047148,11235.6116,571150.72,571150.72,False,1.0,103040000.0
688082,盛美上海,160.21,7059299,112553.3049,7731681.554469001,7609672.779856,False,0.9842196327211021,482596689.0
688083,中望软件,58.78,5060544,30013.7153,997180.6339879999,997180.6339879999,False,1.0,169646246.0
688084,晶品特装,69.77,1806790,12616.3673,527873.303482,527873.303482,False,1.0,75659066.0
688085,三友医疗,19.34,10406185,20024.9395,644916.471132,616445.92562,False,0.9558539023479636,333462498.0
688087,英科再生,43.96,3759953,16801.7698,853064.7909,818735.17404,False,0.9597573159433979,194054775.0
688088,虹软科技,43.88,7980650,35231.6117,1760335.7152,1760335.7152,False,1.0,401170400.0
688089,嘉必优,15.99,3062282,4862.4588,269126.28288,269126.28288,False,1.0,168309120.0
688090,瑞松科技,86.97,5334752,45867.7681,1064252.446608,1064252.446608,False,1.0,122370064.0
688091,上海谊众,60.6,5748279,34568.613,1252624.0584,1252624.0584,False,1.0,206703640.0
688092,爱科科技,29.9,1417051,4205.8486,247164.5826,247164.5826,False,1.0,82663740.0
688093,世华科技,32.51,2618912,8546.2061,911524.453541,911524.453541,False,1.0,280382791.0
688095,福昕软件,84.35,3991232,33710.183,770617.58494,770617.58494,False,1.0,91359524.0
688096,京源环保,9.66,41324819,40156.0808,228019.173438,228019.173438,False,1.0,236044693.0
688097,博众精工,60.96,7270422,44108.0224,2722764.77544,2712773.43144,False,0.9963304417296256,446647765.0
688098,申联生物,8.81,2697519,2377.0812,361777.364,361777.364,False,1.0,410644000.0
688099,晶晨股份,112.7,20536168,227828.3,4746536.45851,4746536.45851,False,1.0,421165613.0
688100,威胜信息,38.0,3355776,12686.5019,1868403.665,1868403.665,False,1.0,491685175.0
688101,三达膜,21.2,8446810,18064.7472,703865.5799199999,703865.5799199999,False,1.0,332012066.0
688102,斯瑞新材,46.55,42468223,193365.545,3619727.101585,3619727.101585,False,1.0,777599807.0
688103,国力电子,59.99,1267970,7579.017,571798.080434,571798.080434,False,1.0,95315566.0
688105,诺唯赞,20.37,2704198,5530.3765,810185.266128,810185.266128,False,1.0,397734544.0
688106,金宏气体,31.3,51349941,164060.8478,1675754.6994399999,1675754.6994399999,False,1.0,535384888.0
688107,安路科技,37.08,12589684,46384.0209,1486349.4528360001,1486349.4528360001,False,1.0,400849367.0
688108,赛诺医疗,21.86,12353405,26973.056,913643.072,913643.072,False,1.0,417952000.0
688109,品茗科技,101.96,1847053,18424.2502,803876.0908,803876.0908,False,1.0,78842300.0
688110,东芯股份,154.83,23010765,353959.7723,6847353.003114,6847353.003114,False,1.0,442249758.0
688111,金山办公,271.26,14486790,400518.6805,12569432.154246,12569432.154246,False,1.0,463372121.0
688112,鼎阳科技,62.03,3746222,23020.7758,989979.465249,989979.465249,False,1.0,159596883.0
688113,联测科技,44.66,1375213,6101.8813,287599.498494,287599.498494,False,1.0,64397559.0
688114,华大智造,52.7,5784634,30964.8335,2195040.13685,2183544.0271,False,0.9947626881363102,416516155.0
688115,思林杰,57.75,2311732,13365.23,385019.25,385019.25,False,1.0,66670000.0
688116,天奈科技,42.2,11313103,48232.732,1546765.2552200002,1546765.2552200002,False,1.0,366532051.0
688117,圣诺生物,36.75,2591786,9538.0911,578393.46915,578393.46915,False,1.0,157385978.0
688118,普元信息,29.39,3726367,10925.6648,274257.81950700004,274257.81950700004,False,1.0,93316713.0
688119,中钢洛耐,5.45,17851390,9602.7312,613125.0,613125.0,False,1.0,1125000000.0
688120,华海清科,195.94,5938398,116064.1917,6929457.111653999,6929457.111653999,False,1.0,353651991.0
688121,卓然股份,6.48,0,0.0,151381.873944,131328.00021600001,False,0.8675279067068596,233614003.0
688122,西部超导,67.84,13860394,93492.1787,4407323.947648,4407323.947648,False,1.0,649664497.0
688123,聚辰股份,130.65,11420594,149467.3661,2067811.1898599998,2067811.1898599998,False,1.0,158271044.0
688125,安达智能,212.34,765319,16365.9076,1743871.043304,1734599.8542240001,False,0.994683558101616,82126356.0
688126,沪硅产业,22.99,112226283,257675.128,7598248.780507001,6280083.252443,False,0.8265171928239963,3305023393.0
688127,蓝特光学,84.78,12063652,98733.4513,3441200.7006,3441200.7006,False,1.0,405897700.0
688128,中国电研,27.16,2973971,8034.2366,1098622.0,1098622.0,False,1.0,404500000.0
688129,东来技术,29.56,1305423,3877.3305,356135.3328,356135.3328,False,1.0,120478800.0
688130,晶华微,27.5,2951967,8093.9869,332450.5085,165784.0085,False,0.4986727475557463,120891094.0
688131,皓元医药,71.9,4011599,28982.9974,1525027.7312399999,1525027.7312399999,False,1.0,212103996.0
688132,邦彦技术,18.53,1472623,2713.6331,282073.303012,282073.303012,False,1.0,152225204.0
688133,泰坦科技,22.15,3259942,7199.5874,364227.904055,364227.904055,False,1.0,164436977.0
688135,利扬芯片,38.98,15251720,58663.1325,908639.162018,908639.162018,False,1.0,233103941.0
688136,科兴制药,25.05,4253123,10687.797,504149.41125,504149.41125,False,1.0,201257250.0
688137,近岸蛋白,49.38,749535,3738.4467,346526.317782,346526.317782,False,1.0,70175439.0
688138,清溢光电,32.37,7935587,25667.2155,1019007.6,1019007.6,False,1.0,314800000.0
688139,海尔生物,31.83,2310819,7372.382,1007396.970726,1007396.970726,False,1.0,316492922.0
688141,杰华特,93.77,14081117,132469.0125,4222665.727593,4222665.727593,False,1.0,450321609.0
688143,长盈通,70.76,13517522,93736.8459,911252.9549520001,865921.438376,False,0.9502536410667795,128780802.0
688146,中船特气,79.84,16942289,135612.5559,4226823.53176,1157447.202528,False,0.2738338125145368,529411765.0
688147,微导纳米,79.8,8661529,68579.1571,3680046.1945800004,3680046.1945800004,False,1.0,461158671.0
688148,芳源股份,10.77,33855899,37198.7145,549456.3780810001,549456.3780810001,False,1.0,510173053.0
688150,莱特光电,54.98,15138205,82384.9247,2212601.84233,2212601.84233,False,1.0,402437585.0
688151,华强科技,20.76,2009992,4155.752,715182.0,715182.0,False,1.0,344500000.0
688152,麒麟信安,38.25,2364012,9093.5994,389760.1407,389760.1407,False,1.0,101898076.0
688153,唯捷创芯,32.83,5901037,19249.3445,1412717.605264,1343533.5871020001,False,0.9510277086487705,430313008.0
688155,先惠技术,101.66,5123632,52511.9356,1285348.457328,1285348.457328,False,1.0,126436008.0
688156,路德科技,26.4,2843969,7494.8955,265885.37448,265885.37448,False,1.0,100714157.0
688157,松井股份,35.63,2223697,7970.9178,557363.9380399999,557363.9380399999,False,1.0,156431080.0
688158,优刻得,51.25,39242424,202833.0741,2338563.540125,2078053.7785,False,0.8886026583604929,456305081.0
688159,有方科技,51.2,4999450,25578.234,475693.1584,474771.5584,False,0.9980626166600759,92908820.0
688160,步科股份,122.31,5516321,67435.6532,1110968.7115860002,1110968.7115860002,False,1.0,90832206.0
688161,威高骨科,28.9,1982531,5753.4582,1156000.0,1156000.0,False,1.0,400000000.0
688162,巨一科技,33.27,1927610,6370.5496,456134.278425,456134.278425,False,1.0,137100775.0
688163,赛伦生物,36.94,3516670,13053.1113,399764.68,399764.68,False,1.0,108220000.0
688165,埃夫特,19.74,18008873,35269.3745,1029993.72,1029993.72,False,1.0,521780000.0
688166,博瑞医药,66.64,14021424,94129.8144,2848201.9033439998,2848201.9033439998,False,1.0,427401246.0
688167,炬光科技,434.64,9028356,383478.0889,3905654.351136,3905654.351136,False,1.0,89859524.0
688168,安博通,90.45,2786896,24867.8656,698138.36118,698138.36118,False,1.0,77185004.0
688169,石头科技,120.87,8794801,105383.784,3131818.670016,3131818.670016,False,1.0,259106368.0
688170,德龙激光,64.07,6169258,39255.3619,662227.52,662227.52,False,1.0,103360000.0
688171,纬德信息,57.25,2600980,14897.0479,479602.715,479602.715,False,1.0,83773400.0
688172,燕东微,47.23,15004957,71509.7886,6742640.272131,3675348.7921550004,False,0.5450904458519203,1427618097.0
688173,希荻微,17.76,18023421,32148.3151,733562.2563359999,728602.8402720001,False,0.9932392703943478,413041811.0
688175,高凌信息,36.73,2092303,7583.5711,474981.341,474981.341,False,1.0,129317000.0
688176,亚虹医药,12.98,11501814,14973.1232,741379.2908279999,565520.3618020001,False,0.7627949266972456,571170486.0
688177,百奥泰,20.04,3390473,6856.4021,829816.32,829816.32,False,1.0,414080000.0
688178,万德斯,40.07,3326731,12941.9551,340586.360908,340586.360908,False,1.0,84997844.0
688179,阿拉丁,22.85,17332756,39705.4209,827183.840245,827183.840245,False,1.0,362006057.0
688180,君实生物,39.36,14040943,55617.6596,4041051.3322559996,3016527.4570560004,False,0.7464709574406624,1026689871.0
688181,八亿时空,36.1,4228204,15217.579,485478.38106000004,485478.38106000004,False,1.0,134481546.0
688182,灿勤科技,33.46,15587079,50225.9396,1338400.0,1338400.0,False,1.0,400000000.0
688183,生益电子,106.85,27128869,291907.7283,8888009.254875,8888009.254875,False,1.0,831821175.0
688184,ST帕瓦,14.31,5840873,8342.8331,227596.99253400002,143797.632534,True,0.631808140050526,159047514.0
688185,康希诺,62.71,1842991,11517.1114,1549211.6760709998,717232.462171,False,0.4629660834922144,247043801.0
688186,广大特材,21.53,6888564,14789.9805,603893.583468,603893.583468,False,1.0,280489356.0
688187,时代电气,48.86,6220894,30423.0935,6634935.941032,4245482.103632,False,0.6398678361575344,1357948412.0
688188,柏楚电子,153.14,4001605,61501.4733,4421610.102078,4421610.102078,False,1.0,288729927.0
688189,南新制药,8.79,12502913,11060.6611,241197.6,241197.6,False,1.0,274400000.0
688190,云路股份,86.56,2566372,22238.7865,1038720.0,1038720.0,False,1.0,120000000.0
688191,智洋创新,53.34,7703218,40283.1025,1235623.0735799999,1235623.0735799999,False,1.0,231650370.0
688192,迪哲医药,54.32,4228419,23175.3989,2526780.8537439997,2505314.947744,False,0.9915046427678152,465165842.0
688193,仁度生物,58.16,0,0.0,233046.36391999997,233046.36391999997,False,1.0,40069870.0
688195,腾景科技,372.5,7163948,258860.0799,4818287.5,4818287.5,False,1.0,129350000.0
688196,卓越新能,52.28,1576806,8239.7675,664953.47626,664953.47626,False,1.0,127190795.0
688197,首药控股,41.64,1110719,4598.0657,619267.3442520001,266516.328648,False,0.43037361992649464,148719343.0
688198,佰仁医疗,99.22,540703,5357.8368,1366736.975626,1366736.975626,False,1.0,137748133.0
688199,久日新材,28.42,3247793,9246.7066,458207.847342,458207.847342,False,1.0,161227251.0
688200,华峰测控,339.0,2297845,78189.2729,4594576.3275,4594576.3275,False,1.0,135533225.0
688201,ST信安,8.73,11678640,10116.4915,276875.28136799997,264109.347369,True,0.9538928360237673,317153816.0
688202,美迪西,61.26,3160112,19284.1659,823041.479184,823041.479184,False,1.0,134352184.0
688203,海正生材,14.54,8730775,12306.625,294693.910872,294693.910872,False,1.0,202678068.0
688205,德科立,251.32,11278173,282191.0419,3978026.888428,3978026.888428,False,1.0,158285329.0
688206,概伦电子,34.55,5673368,19674.3768,1503539.482115,1503539.482115,False,1.0,435177853.0
688207,格灵深瞳,16.54,9172260,15069.1548,428341.585138,428341.585138,False,1.0,258973147.0
688208,道通科技,34.2,9223203,31615.9465,2292028.45236,2292028.45236,False,1.0,670183758.0
688209,英集芯,24.2,11380857,27531.1519,1049757.39858,1049757.39858,False,1.0,433784049.0
688210,统联精密,46.98,4666793,21721.692,760412.769246,760412.769246,False,1.0,161858827.0
688211,中科微至,37.67,2104121,7881.9239,493826.811154,493826.811154,False,1.0,131092862.0
688212,澳华内镜,37.19,2687472,10023.0808,500820.06475,500820.06475,False,1.0,134665250.0
688213,思特威,89.52,9735558,86849.491,3601450.2498,2896056.829152,False,0.8041362862954521,402306775.0
688215,瑞晟智能,74.94,844121,6357.886,467799.97788599995,467799.97788599995,False,1.0,62423269.0
688216,气派科技,32.95,3650163,11929.0868,378199.457475,350696.27699499996,False,0.927278635819254,114779805.0
688217,睿昂基因,30.25,808742,2440.7756,168964.0854,168964.0854,False,1.0,55855896.0
688218,江苏北人,39.31,6192784,24434.8864,457864.553678,457864.553678,False,1.0,116475338.0
688219,会通股份,11.66,7216836,8435.4317,640833.6,640833.6,False,1.0,549600000.0
688220,翱捷科技,102.94,16915906,174107.7809,4305989.351366,3799920.2836080003,False,0.8824732189369074,418300889.0
688221,前沿生物,22.51,16037380,36288.8696,843176.547903,843176.547903,False,1.0,374578653.0
688222,成都先导,27.0,32583116,88043.916,1081836.0,1081836.0,False,1.0,400680000.0
688223,晶科能源,7.15,314754097,220861.3881,7342627.17903,7342627.17903,False,1.0,10269408642.0
688225,亚信安全,16.81,6554571,11156.8601,672416.81,672416.81,False,1.0,400010000.0
688226,威腾电气,56.05,9416857,53626.4965,1058086.7896,1058086.7896,False,1.0,188775520.0
688227,品高股份,132.98,5974586,80418.3793,1503409.04695,1503409.04695,False,1.0,113055275.0
688228,开普云,109.3,2125065,23404.6277,738329.8068,738329.8068,False,1.0,67550760.0
688229,博睿数据,105.2,7645824,82415.8278,467088.0,467088.0,False,1.0,44400000.0
688230,芯导科技,72.26,1486527,10677.0648,849777.6,849777.6,False,1.0,117600000.0
688231,隆达股份,40.23,3599769,14477.9811,993106.286289,993106.286289,False,1.0,246857143.0
688232,新点软件,23.11,3518670,8179.0626,744100.344225,744100.344225,False,1.0,321981975.0
688233,神工股份,83.56,7643883,63161.044,1423074.7300159999,1423074.7300159999,False,1.0,170305736.0
688234,天岳先进,108.66,12883681,140868.9553,5265865.099104,4669240.204104,False,0.8866995481708185,484618544.0
688235,百济神州,247.5,4059660,101648.6128,38154199.17375,2847617.685,False,0.07463445037942651,1541583805.0
688236,春立医疗,17.82,2764206,4938.6506,683519.067,513978.696,False,0.7519595587228878,383568500.0
688237,超卓航科,55.69,1359311,7533.0145,499438.79068800004,499438.79068800004,False,1.0,89681952.0
688238,和元生物,6.65,9425176,6261.9028,431609.4055,426361.8905,False,0.9878419818170528,649036700.0
688239,航宇科技,71.58,11219070,79704.8843,1364541.2934360001,1364541.2934360001,False,1.0,190631642.0
688244,永信至诚,20.37,1995982,4106.7402,307508.61420300003,307508.61420300003,False,1.0,150961519.0
688246,嘉和美康,23.92,6816056,16018.3029,329104.75041599997,329104.75041599997,False,1.0,137585598.0
688247,宣泰医药,9.51,2074164,1968.6636,431126.34,431126.34,False,1.0,453340000.0
688248,南网科技,62.03,6015585,36905.4943,3502834.1,3502834.1,False,1.0,564700000.0
688249,晶合集成,33.28,37794625,126772.7245,6681265.167616,6681265.167616,False,1.0,2007591697.0
688251,井松智能,31.33,4441110,14118.964,315187.52284499997,312997.00756999996,False,0.9930501205909815,100602465.0
688252,天德钰,23.28,5945637,13772.8784,952201.6818479999,952201.6818479999,False,1.0,409021341.0
688253,英诺特,50.66,2232682,11415.5387,693962.544856,693962.544856,False,1.0,136984316.0
688255,凯尔达,32.31,4077758,13191.9137,354954.00896999997,354954.00896999997,False,1.0,109858870.0
688256,DR寒武纪,1182.53,19102442,2257918.8932,74297528.463157,74297528.463157,False,1.0,628292969.0
688257,新锐股份,73.64,10428432,76199.9081,1858736.2234560002,1858736.2234560002,False,1.0,252408504.0
688258,卓易信息,148.5,11353033,169839.3794,1798962.21945,1798962.21945,False,1.0,121142237.0
688259,创耀科技,39.21,2246506,8724.6808,437975.7,437975.7,False,1.0,111700000.0
688260,昀冢科技,45.72,15290556,67681.8397,548640.0,548640.0,False,1.0,120000000.0
688261,东微半导,76.78,4716558,35735.7182,941130.65805,937457.610342,False,0.9960971968380985,122574975.0
688262,国芯科技,40.47,17464574,70866.1574,1359791.647911,1359791.647911,False,1.0,335999913.0
688265,南模生物,41.4,390374,1618.2375,322768.94382,322768.94382,False,1.0,77963513.0
688266,泽璟制药,101.45,3306940,33781.1992,2685464.54697,2685464.54697,False,1.0,264708186.0
688267,中触媒,31.16,5285270,16260.8337,549039.2,549039.2,False,1.0,176200000.0
688268,华特气体,164.95,9748906,160869.6501,1987408.470955,1987408.470955,False,1.0,120485509.0
688269,凯立新材,42.7,2756519,11786.2407,558106.08,558106.08,False,1.0,130704000.0
688270,ST臻镭,135.61,17935078,241383.225,2902753.7476,2902753.7476,True,1.0,214051600.0
688271,联影医疗,115.94,11931699,138625.7782,9555287.712872,9555287.712872,False,1.0,824157988.0
688272,富吉瑞,44.7,3558858,15645.7374,339720.0,339720.0,False,1.0,76000000.0
688273,麦澜德,45.18,1581047,7131.1602,451800.0,451800.0,False,1.0,100000000.0
688275,万润新能,145.86,8358627,126245.9151,1839563.901318,1839563.901318,False,1.0,126118463.0
688276,百克生物,18.5,2777601,5121.8835,765266.5563,765266.5563,False,1.0,413657598.0
688277,天智航,20.42,7930723,16125.0769,931135.7334280001,931135.7334280001,False,1.0,455992034.0
688278,特宝生物,57.16,2448146,13848.9727,2333211.06768,2333211.06768,False,1.0,408189480.0
688279,峰岹科技,215.26,2511903,53397.3954,2477945.68608,2013931.23008,False,0.8127422813959856,115114080.0
688280,精进电动,7.18,25773368,18357.1885,423779.156906,373750.69611,False,0.8819468584503863,590221667.0
688281,华秦科技,80.15,3189143,25291.875,2184653.960125,2184653.960125,False,1.0,272570675.0
688282,理工导航,96.2,4741088,44627.5549,846560.0,846560.0,False,1.0,88000000.0
688283,坤恒顺维,44.1,2754329,12033.6497,537138.0,537138.0,False,1.0,121800000.0
688285,高铁电气,9.55,3774069,3577.9384,359356.866915,359356.866915,False,1.0,376289913.0
688286,敏芯股份,71.44,2212304,15546.8534,400491.011168,400491.011168,False,1.0,56059772.0
688287,*ST观典,0.93,0,0.0,34457.9508,34457.9508,True,1.0,370515600.0
688288,鸿泉技术,24.85,2717599,6664.8896,248037.05444,248037.05444,False,1.0,99813704.0
688289,圣湘生物,18.12,11452021,20674.4343,1049851.066872,1049851.066872,False,1.0,579388006.0
688290,景业智能,64.25,2278221,14495.8761,656568.91245,656568.91245,False,1.0,102189714.0
688291,金橙子,49.3,2678162,13148.1346,506146.831,506146.831,False,1.0,102666700.0
688292,浩瀚深度,24.05,3948088,9457.4587,380832.75048000005,380832.75048000005,False,1.0,158350416.0
688293,奥浦迈,51.88,1028772,5357.6523,722543.0893079999,590498.958952,False,0.8172508569939236,139271991.0
688295,中复神鹰,59.07,18524504,110244.5036,5316300.0,5316300.0,False,1.0,900000000.0
688296,和达科技,16.26,2092183,3390.0801,175443.22116,174621.27816,False,0.9953150483981914,107898660.0
688297,中无人机,47.61,13321253,62970.8601,3213675.0,3213675.0,False,1.0,675000000.0
688298,东方生物,25.25,8923284,22454.7924,509040.0,509040.0,False,1.0,201600000.0
688299,长阳科技,19.63,9464801,18442.0924,564152.250922,564152.250922,False,1.0,287392894.0
688300,联瑞新材,94.29,5318210,50042.2095,2276812.99251,2276812.99251,False,1.0,241469190.0
688301,奕瑞科技,116.1,2370745,27484.9506,2454924.78243,2454924.78243,False,1.0,211449163.0
688302,海创药业,45.43,2404099,10964.0538,449827.86171400006,449827.86171400006,False,1.0,99015598.0
688303,大全能源,22.69,18627456,42217.4683,4867471.787756,4867471.787756,False,1.0,2145205724.0
688305,科德数控,65.07,4769624,30920.707,864823.7537459999,860315.0534459999,False,0.9947865674590106,132906678.0
688306,均普智能,10.09,25241977,25400.8219,1239337.3452,1239337.3452,False,1.0,1228282800.0
688307,中润光学,107.3,6914288,70460.3492,952545.02,952545.02,False,1.0,88774000.0
688308,欧科亿,99.66,10989970,108917.1974,1582418.501928,1582418.501928,False,1.0,158781708.0
688309,恒誉环保,79.8,2514086,19624.3245,633622.12662,633622.12662,False,1.0,79401269.0
688310,迈得医疗,17.4,7149398,12383.843,285924.804,285924.804,False,1.0,164324600.0
688311,盟升电子,37.26,7016783,25718.528,647548.325046,647548.325046,False,1.0,173791821.0
688312,燕麦科技,82.7,7571687,63550.6102,1213332.85152,1205527.95632,False,0.9935673915115524,146714976.0
688313,仕佳光子,176.6,34974656,600454.413,7982078.55248,7982078.55248,False,1.0,451986328.0
688314,康拓医疗,45.55,2362143,10604.8518,370044.42845999997,370044.42845999997,False,1.0,81239172.0
688315,诺禾致源,15.12,7100377,10589.9198,629294.4,629294.4,False,1.0,416200000.0
688316,青云科技,77.41,4092192,31744.2563,370779.416589,370779.416589,False,1.0,47898129.0
688317,之江生物,20.83,4179368,8614.427,400265.11191700003,400265.11191700003,False,1.0,192157999.0
688318,财富趋势,119.41,3883943,46025.2759,3058322.615152,3058322.615152,False,1.0,256119472.0
688319,欧林生物,35.05,10771186,37943.1281,1422009.6945,1420959.5965,False,0.9992615394929715,405708900.0
688320,禾川科技,38.39,10673272,41241.5112,579741.4714520001,579741.4714520001,False,1.0,151013668.0
688321,微芯生物,31.3,10374619,32738.1688,1386406.2283100002,1276439.51263,False,0.9206821828735959,442941287.0
688322,奥比中光,87.92,14587590,128658.8245,3526860.1580800004,2801802.838464,False,0.7944184665346309,401144240.0
688323,瑞华泰,28.03,20362032,57562.002,504544.978128,504544.978128,False,1.0,180001776.0
688325,赛微微电,120.7,1484957,18105.3328,1039697.91105,985702.13841,False,0.9480659025413746,86139015.0
688326,经纬恒润,91.56,2148423,19755.0543,1098179.42976,1022024.958276,False,0.9306538900472366,119940960.0
688327,云从科技,14.44,38672632,56498.708,1499664.0628799999,1203488.86176,False,0.8025056354613072,1038548520.0
688328,深科达,58.59,9714940,56245.9154,553419.432405,553419.432405,False,1.0,94456295.0
688329,艾隆科技,24.59,1943247,4761.6214,189834.8,189834.8,False,1.0,77200000.0
688330,宏力达,40.78,2762783,11149.7787,570920.0,570920.0,False,1.0,140000000.0
688331,荣昌生物,123.9,9774363,123060.5065,6993876.01437,2020723.65768,False,0.28892757800225666,564477483.0
688332,中科蓝讯,113.6,1741009,19803.1092,1369995.552,1369995.552,False,1.0,120598200.0
688333,铂力特,93.4,11893863,110067.4907,2562169.10516,2562169.10516,False,1.0,274322174.0
688334,西高院,21.46,2788959,5947.3241,679379.5340359999,336717.481908,False,0.4956250005172478,316579466.0
688335,复洁科技,30.99,2592463,7971.2209,458759.200608,458759.200608,False,1.0,148034592.0
688336,三生国健,71.75,6512298,47067.6619,4434770.659025,4425438.064775,False,0.9978955858222324,618086503.0
688337,普源精电,60.39,8029560,48885.9395,1170807.604263,1122752.533518,False,0.95895562125662,193874417.0
688338,赛科希德,30.22,1561903,4729.4917,320762.3328,320762.3328,False,1.0,106142400.0
688339,亿华通,26.29,4593991,12051.3409,632358.840949,514724.33585100004,False,0.813975076364138,240532081.0
688343,云天励飞,87.11,15057050,132538.0664,3132505.04318,3132505.04318,False,1.0,359603380.0
688345,博力威,52.95,3231123,17150.677,535586.6025,529500.0,False,0.9886356333941344,101149500.0
688347,华虹公司,158.96,31412042,495982.1976,27621409.287928004,6481594.0,False,0.2346583381186417,1737632693.0
688348,昱能科技,51.18,2836876,14555.2667,799827.91233,799827.91233,False,1.0,156277435.0
688349,三一重能,24.89,5619249,13972.8377,3052520.091135,2960626.211135,False,0.9698957329496785,1226404215.0
688350,富淼科技,32.57,7169266,23133.2648,466547.753396,466547.753396,False,1.0,143244628.0
688351,微电生理,24.96,7965157,19871.011,1174617.6,1174617.6,False,1.0,470600000.0
688352,颀中科技,13.11,11858770,15539.4698,1558827.884568,479675.67680699995,False,0.3077156121953343,1189037288.0
688353,华盛锂电,105.5,9013797,96936.2943,1682725.0,1682725.0,False,1.0,159500000.0
688355,明志科技,24.12,2739483,6500.6617,298982.045664,298982.045664,False,1.0,123956072.0
688356,键凯科技,95.01,1003837,9479.1669,576242.3007,576242.3007,False,1.0,60650700.0
688357,建龙微纳,36.15,1531246,5518.8838,361716.448125,361716.448125,False,1.0,100059875.0
688358,祥生医疗,33.86,2953509,9841.0429,379657.325618,379149.425618,False,0.9986622146716825,112125613.0
688359,三孚新科,110.12,3628088,40010.6319,1091026.530764,1091026.530764,False,1.0,99076147.0
688360,德马科技,19.8,4944501,9677.8742,522216.42066000006,499526.3493,False,0.9565504444855959,263745667.0
688361,中科飞测,191.3,5349717,103471.3209,6698622.723809999,5296379.3189199995,False,0.7906669083025412,350163237.0
688362,甬矽电子,48.39,16294643,78728.9269,1986365.348964,1986365.348964,False,1.0,410490876.0
688363,华熙生物,41.83,2528017,10551.1821,2014860.086286,2014860.086286,False,1.0,481678242.0
688365,光云科技,22.39,34970527,80366.5094,953421.4674760001,953421.4674760001,False,1.0,425824684.0
688366,昊海生科,39.14,522900,2046.443,900145.2230299999,759518.9604699999,False,0.8437738056458994,229980895.0
688367,工大高科,41.33,2936943,12047.9162,362152.4718,362152.4718,False,1.0,87624600.0
688368,晶丰明源,163.25,2726353,44477.3611,2378792.363225,1444770.352325,False,0.6073545445413663,145714693.0
688369,致远互联,25.66,3999938,10312.3942,295649.570186,295649.570186,False,1.0,115218071.0
688370,丛麟科技,25.49,662886,1685.1149,349487.983571,349487.983571,False,1.0,137107879.0
688371,菲沃泰,31.72,13025614,41280.7141,1064118.313232,1064118.313232,False,1.0,335472356.0
688372,伟测科技,155.99,10779864,168131.0765,2616960.946939,2616960.946939,False,1.0,167764661.0
688373,盟科药业,5.89,11917841,7059.5638,386518.51582,356720.72015500005,False,0.9229071973388291,656228380.0
688375,国博电子,133.39,9206861,120118.0665,7950242.7511,7950242.7511,False,1.0,596014900.0
688376,美埃科技,70.22,2626951,18624.0858,949739.150768,949739.150768,False,1.0,135251944.0
688377,迪威尔,37.56,1684674,6319.7888,731078.063832,731078.063832,False,1.0,194642722.0
688378,奥来德,46.55,6278395,28927.9998,1216934.13842,1121671.458005,False,0.9217191157619393,261425164.0
688379,华光新材,78.01,11427108,89333.4,740927.7543609999,702757.14152,False,0.9484826791595632,94978561.0
688380,中微半导,49.44,11633489,57244.9266,1979404.56,1979404.56,False,1.0,400365000.0
688381,帝奥微,33.41,15672373,52863.3086,826897.5,826897.5,False,1.0,247500000.0
688382,益方生物,22.13,15436403,33689.7459,1279885.210583,1279885.210583,False,1.0,578348491.0
688383,新益昌,101.88,1941253,19722.9437,1035574.542,1035574.542,False,1.0,101646500.0
688385,复旦微电,71.68,18816247,135340.3368,5904419.584,3866342.144,False,0.6548217126162827,823719250.0
688386,泛亚微透,88.56,1996424,17577.7547,882136.9320479999,805896.0,False,0.9135724519877019,99608958.0
688387,信科移动,21.77,101836889,217471.8207,7442618.75,4390523.9644,False,0.5899165484460694,3418750000.0
688388,嘉元科技,50.0,36583167,184560.666,2278368.95,2278368.95,False,1.0,455673790.0
688389,普门科技,13.02,2453798,3193.443,557888.42046,557888.42046,False,1.0,428485730.0
688390,固德威,107.14,10315819,111835.9561,2604168.5929380003,2604168.5929380003,False,1.0,243062217.0
688391,钜泉科技,32.84,2242044,7307.3705,378256.24304000003,378256.24304000003,False,1.0,115181560.0
688392,骄成超声,141.27,1906628,27190.7916,1634965.17672,1634965.17672,False,1.0,115733360.0
688393,安必平,25.29,1368645,3458.6736,236632.710771,236632.710771,False,1.0,93567699.0
688395,正弦电气,30.43,1855190,5624.0698,263516.86196,263516.86196,False,1.0,86597720.0
688396,华润微,58.14,30863788,176380.3156,7722216.893519999,7722216.893519999,False,1.0,1328210680.0
688398,赛特新材,34.35,2836158,9786.4875,576441.794175,576441.794175,False,1.0,167814205.0
688399,硕世生物,64.08,2154654,13896.7339,537449.988168,537449.988168,False,1.0,83871721.0
688400,凌云光,66.55,26368646,176166.1578,3189278.278725,3067800.158115,False,0.9619104668851398,479230395.0
688401,路维光电,67.15,8706095,58848.9126,1298337.70234,1298337.70234,False,1.0,193348876.0
688403,汇成股份,18.21,51687559,94414.3855,1804498.409391,1804498.409391,False,1.0,990938171.0
688408,中信博,39.14,5017927,19758.6487,857423.877804,857423.877804,False,1.0,219065886.0
688409,富创精密,121.56,6049167,73497.8583,3722298.132276,3722298.132276,False,1.0,306210771.0
688410,山外山,16.86,10410987,17603.8862,538846.648692,538846.648692,False,1.0,319600622.0
688411,海博思创,257.88,5679773,149058.8055,4644225.183696,3418825.429488,False,0.7361454912845562,180092492.0
688416,恒烁股份,113.5,5333982,59750.4782,942114.57015,942114.57015,False,1.0,83005689.0
688418,震有科技,54.2,12708265,66665.1294,1043646.11628,1043646.11628,False,1.0,192554634.0
688419,耐科装备,43.33,1855275,8036.6395,496352.38177700003,496352.38177700003,False,1.0,114551669.0
688420,美腾科技,28.48,1110330,3139.4273,251848.64,118872.672,False,0.47200045233518034,88430000.0
688425,铁建重工,4.79,17429811,8354.5299,2554745.063,2554745.063,False,1.0,5333497000.0
688426,康为世纪,21.85,990491,2145.7641,245798.76945999998,245217.23608000003,False,0.9976341078465221,112493716.0
688428,诺诚健华,26.35,11665689,31082.2333,4649836.813519999,707127.854295,False,0.15207584322936551,1764643952.0
688429,时创能源,14.56,2845141,4112.6684,582401.1648,174468.500752,False,0.29956756836486326,400000800.0
688432,有研硅,17.86,33278741,58184.4685,2233039.118388,2233039.118388,False,1.0,1250301858.0
688433,华曙高科,82.67,5169067,42243.1194,3435579.5810490004,3435579.5810490004,False,1.0,415577547.0
688435,英方软件,42.2,2820286,11956.0578,352370.0,236523.193,False,0.6712353293413174,83500000.0
688439,振华风光,51.28,2562018,13017.8523,1025600.0,1025600.0,False,1.0,200000000.0
688443,智翔金泰,30.77,3248940,9863.3479,1128274.36,359024.36,False,0.3182066106687029,366680000.0
688448,磁谷科技,72.99,2340475,16792.8818,527542.524,522990.1377,False,0.9913705794454591,72276000.0
688449,联芸科技,66.67,30392504,191687.5372,3066820.0,1954791.968045,False,0.6374002934782609,460000000.0
688450,光格科技,46.0,2291835,10619.5719,303600.0,225081.0912,False,0.7413738181818181,66000000.0
688455,科捷智能,20.68,3463377,7184.0512,347487.417288,347487.417288,False,1.0,168030666.0
688456,有研粉材,77.95,7773124,59066.8055,808029.7,808029.7,False,1.0,103660000.0
688458,美芯晟,38.9,2456054,9422.7342,433877.48681000003,330916.62449,False,0.7626960018667948,111536629.0
688459,哈铁科技,9.3,1946573,1800.7662,446400.0,446400.0,False,1.0,480000000.0
688466,金科环境,18.71,1295888,2420.656,228550.41839200002,228550.41839200002,False,1.0,122154152.0
688468,科美诊断,7.63,2946275,2234.0661,306045.404,306045.404,False,1.0,401108000.0
688469,芯联集成,6.96,113147437,78521.522,5834350.2717120005,3083140.8,False,0.5284462976020978,8382687172.0
688472,阿特斯,14.5,60621060,87326.9511,5282553.1624,1954098.86695,False,0.36991560839535453,3643140112.0
688475,萤石网络,31.9,5756636,18328.1733,2512125.0,2512125.0,False,1.0,787500000.0
688478,晶升股份,46.8,7240589,34040.9236,647553.3292800001,647553.3292800001,False,1.0,138366096.0
688479,友车科技,42.57,1971680,8325.6026,614359.1718,265285.1718,False,0.43180794554225616,144317400.0
688480,赛恩斯,109.03,3887825,41655.3779,1039341.3296370001,1039341.3296370001,False,1.0,95326179.0
688484,南芯科技,43.22,15808377,67339.4498,1848360.2207400003,1848360.2207400003,False,1.0,427663170.0
688485,九州一轨,63.99,10990011,67473.804,961718.9047379999,567962.301222,False,0.5905699663632269,150292062.0
688486,龙迅股份,81.67,3129873,25382.0249,1092150.7365950001,1088821.181367,False,0.9969513775741428,133727285.0
688488,艾迪药业,17.18,5167748,8876.3017,722904.864144,722904.864144,False,1.0,420782808.0
688489,三未信安,41.52,761734,3149.2731,478350.57475200004,474700.468512,False,0.9923693909181724,115209676.0
688496,ST清越,4.35,7322557,3135.2755,195750.0,103506.336,True,0.528768,450000000.0
688498,源杰科技,1575.0,2936420,465965.1135,13536766.845,13362079.5,False,0.9870953421152759,85947726.0
688499,利元亨,55.93,7421298,41864.0241,943698.5564299999,943698.5564299999,False,1.0,168728510.0
688500,慧辰股份,49.8,2297368,11536.2896,374977.6158,365113.2318,False,0.9736934057278199,75296710.0
688501,青达环保,25.22,4854275,12484.04,313297.972,313297.972,False,1.0,124226000.0
688502,茂莱光学,539.85,2379607,127928.8482,2850408.0,2850408.0,False,1.0,52800000.0
688503,聚和材料,110.96,11250362,124447.2085,2685605.302728,2229406.1562799998,False,0.8301317226382449,242033643.0
688505,复旦张江,8.03,2712543,2177.2523,832367.3963,570589.3963,False,0.685501857516713,1036572100.0
688506,百利天恒,265.75,1906879,51091.2026,10972121.686775,10972121.686775,False,1.0,412873817.0
688507,索辰科技,97.9,1774340,17469.84,872374.9953600001,482017.7967,False,0.5525350901433017,89108784.0
688508,芯朋微,82.03,4951611,41000.1038,1086244.098238,1077138.7682379999,False,0.9916176023282706,132420346.0
688509,正元地信,4.63,7408982,3427.5136,356510.0,178158.7886,False,0.4997301298701299,770000000.0
688510,航亚科技,37.31,12499565,45329.652,968278.850448,968278.850448,False,1.0,259522608.0
688511,天微电子,24.1,9174579,21661.9939,322163.70285,322163.70285,False,1.0,133677885.0
688512,慧智微,13.2,10242313,13436.3557,616233.4833600001,428432.79072,False,0.6952442577186478,466843548.0
688513,苑东生物,63.03,2128150,13305.5642,1112682.809568,1112682.809568,False,1.0,176532256.0
688515,裕太微,188.06,6672463,120960.8983,1504480.0,936903.6364,False,0.6227425,80000000.0
688516,奥特维,88.61,13722984,121033.9719,2794140.3794009998,2789092.4183380003,False,0.9981933760020741,315330141.0
688517,金冠电气,23.88,5211750,12275.9036,326232.283392,326232.283392,False,1.0,136613184.0
688518,联赢激光,28.7,14454863,41433.1125,979603.02265,979603.02265,False,1.0,341325095.0
688519,南亚新材,183.01,5435872,99459.5294,4296544.107601999,4296544.107601999,False,1.0,234771002.0
688520,神州细胞,42.29,3055502,13027.7181,1989049.734506,1883324.734506,False,0.9468464774078372,470335714.0
688521,芯原股份,262.0,30967737,823069.8444,13778980.1526,13778980.1526,False,1.0,525915273.0
688522,纳睿雷达,35.75,4132552,14606.3636,1083209.29145,440071.79645,False,0.406266637411237,302995606.0
688523,航天环宇,82.89,18574395,146858.6882,3372628.32,800020.601793,False,0.23720983336610305,406880000.0
688525,佰维存储,290.45,29769636,864684.9785,13675452.24195,13675452.24195,False,1.0,470836710.0
688526,科前生物,14.88,1520262,2257.4662,693598.547328,693598.547328,False,1.0,466128056.0
688528,秦川物联,12.65,2044783,2581.0517,212520.0,212520.0,False,1.0,168000000.0
688529,豪森智能,19.94,1331389,2639.6466,335342.850282,335342.850282,False,1.0,168175953.0
688530,欧莱新材,52.5,14372290,77111.8563,840235.326,355835.571,False,0.4234951328385353,160044824.0
688531,日联科技,127.47,14028441,177001.5114,2110825.940433,1463085.707769,False,0.6931342275758051,165593939.0
688533,上声电子,27.6,2009743,5497.9229,455364.23316000006,455364.23316000006,False,1.0,164987041.0
688535,华海诚科,100.5,7714153,77519.784,1426781.68635,1198943.68395,False,0.8403133397493653,141968327.0
688536,思瑞浦,253.9,6256482,159346.4919,3505736.51337,3444127.57681,False,0.9824262501402947,138075483.0
688538,和辉光电,2.34,91974126,21456.9451,3231408.40425,1346023.15965,False,0.4165438073007698,13809437625.0
688539,高华科技,41.99,4897584,20178.0981,780678.08,780678.08,False,1.0,185920000.0
688543,国科军工,65.33,7430840,48029.0323,1364364.968924,757579.928924,False,0.5552619322390415,208842028.0
688545,兴福电子,63.0,20650135,130125.2962,2268000.0,1148175.0,False,0.50625,360000000.0
688548,广钢气体,27.64,31121321,87064.4824,3646817.5120440004,1910501.681528,False,0.523881898454849,1319398521.0
688549,中巨芯,12.4,55017484,67852.3322,1831822.24,730755.56,False,0.3989227470019144,1477276000.0
688550,瑞联新材,42.72,3144506,13413.2008,742663.439136,742663.439136,False,1.0,173844438.0
688551,科威尔,50.38,3034046,15497.1502,423548.231942,423548.231942,False,1.0,84070709.0
688552,航天南湖,41.96,11621912,48261.5977,1415092.608,364328.403996,False,0.25745905387133505,337248000.0
688553,汇宇制药,20.2,4387151,8840.3557,855672.0,693950.2445,False,0.8110002950897073,423600000.0
688556,高测股份,14.98,55152652,81238.9383,1244499.353132,1244499.353132,False,1.0,830773934.0
688557,兰剑智能,35.38,1365996,4814.3885,363280.56632,363280.56632,False,1.0,102679640.0
688558,国盛智科,42.72,6356980,27600.7964,563904.0,563904.0,False,1.0,132000000.0
688559,海目星,64.01,8706158,55913.0611,1585905.6406440001,1585905.6406440001,False,1.0,247759044.0
688560,明冠新材,17.39,6281467,10943.2952,350064.035402,350064.035402,False,1.0,201301918.0
688561,奇安信,31.18,12663612,40119.4799,2127263.99655,2127263.99655,False,1.0,682252725.0
688562,航天软件,19.92,9016901,17799.4785,796800.0,344655.84,False,0.43255000000000005,400000000.0
688563,航材股份,62.02,4911230,30086.8582,2790900.0,725565.734586,False,0.25997554,450000000.0
688565,力源科技,13.39,2694046,3581.9209,200488.47,200488.47,False,1.0,149730000.0
688566,吉贝尔,28.2,1353096,3795.128,562395.0393,562395.0393,False,1.0,199430865.0
688567,孚能科技,13.99,15455685,21841.8815,1709723.335115,1709723.335115,False,1.0,1222103885.0
688568,中科星图,66.8,30745305,197697.3019,5397967.13216,5397967.13216,False,1.0,808078912.0
688569,铁科轨道,20.71,756883,1562.6612,436290.7357,436290.7357,False,1.0,210666700.0
688570,天玛智控,17.58,734383,1289.0571,761214.0,330855.6,False,0.4346420323325635,433000000.0
688571,杭华股份,9.21,13677698,12546.0654,390661.2147,390661.2147,False,1.0,424170700.0
688573,信宇人,23.7,4245830,10141.3471,231677.89956,126122.45325,False,0.5443870714018485,97754388.0
688575,亚辉龙,13.25,7295288,9648.1286,757089.4975,757089.4975,False,1.0,571388300.0
688576,西山科技,75.33,644608,4862.1947,342751.95198,164160.936387,False,0.4789496761103172,45500060.0
688577,浙海德曼,79.96,2824910,22660.3075,889792.713084,889792.713084,False,1.0,111279729.0
688578,艾力斯,94.46,4204831,39997.6777,4250700.0,4250700.0,False,1.0,450000000.0
688579,地纬智能,10.34,4424658,4547.159,413610.34,413610.34,False,1.0,400010000.0
688580,伟思医疗,65.21,2450688,15910.7479,624524.5690479999,624524.5690479999,False,1.0,95771288.0
688581,安杰思,63.38,1622746,9991.0292,514151.736702,263405.384938,False,0.5123106004223585,81122079.0
688582,芯动联科,55.05,5117051,28188.1786,2211573.50328,1377455.90328,False,0.6228397569590546,401739056.0
688583,思看科技,123.75,1490392,18501.4091,1093950.0,381192.59475,False,0.3484552262443439,88400000.0
688584,上海合晶,26.1,29520799,76001.1874,1746599.8687200001,896013.6003,False,0.5130045045501153,669195352.0
688585,上纬新材,135.41,7516996,101787.8016,5461921.158848001,5461921.158848001,False,1.0,403361728.0
688586,江航装备,14.3,9484092,13413.8425,1131614.99308,1131614.99308,False,1.0,791339156.0
688588,凌志软件,12.4,6061656,7548.4328,496012.40372,496012.40372,False,1.0,400010003.0
688589,力合微,24.0,3329590,7934.6155,348788.4432,348788.4432,False,1.0,145328518.0
688590,新致软件,15.98,13085716,21015.3378,449864.460032,449864.460032,False,1.0,281517184.0
688591,泰凌微,35.88,4051237,14493.1055,863787.807168,604353.233328,False,0.6996547396396138,240743536.0
688592,司南导航,47.52,2373866,11062.3676,382348.837728,183055.465296,False,0.4787655858554597,80460614.0
688593,新相微,37.81,15807382,60613.5878,1737480.706772,1220059.594663,False,0.702200369712135,459529412.0
688595,芯海科技,35.71,3693605,13097.6948,514557.981346,514557.981346,False,1.0,144093526.0
688596,正帆科技,33.34,7583858,25408.4748,980633.390794,980633.390794,False,1.0,294131191.0
688597,煜邦电力,8.65,10170331,8653.4328,290692.13874,290692.13874,False,1.0,336060276.0
688598,金博股份,25.11,6377803,15930.4627,521216.09427600005,511178.371776,False,0.9807417257252138,207573116.0
688599,天合光能,17.8,44454692,79073.9751,4169770.4810800003,4169770.4810800003,False,1.0,2342567686.0
688600,皖仪科技,30.23,2938521,8865.3261,407223.76527,407223.76527,False,1.0,134708490.0
688601,力芯微,51.72,6042439,31282.3824,691458.6444,691458.6444,False,1.0,133692700.0
688602,康鹏科技,8.07,6389876,5125.0854,419135.625,209494.101927,False,0.49982413670276776,519375000.0
688603,天承科技,100.98,5006055,50974.9876,1259468.2433520001,478863.38748599996,False,0.3802107675311713,124724524.0
688605,先锋精科,68.0,4749467,32206.2961,1376183.0208,736791.764,False,0.5353879192403418,202379856.0
688606,奥泰生物,56.8,1359435,7652.39,450315.2564,450315.2564,False,1.0,79280855.0
688607,康众医疗,68.6,2730192,19091.7039,604565.1252199999,604565.1252199999,False,1.0,88129027.0
688608,恒玄科技,178.96,4595283,81686.8134,3018943.08156,3018943.08156,False,1.0,168693735.0
688609,九联科技,10.98,23766533,25649.6258,573104.282004,549000.0,False,0.957940844692848,521952898.0
688610,埃科光电,133.1,1556421,20539.9,905080.0,544812.48008,False,0.6019495294117647,68000000.0
688611,杭州柯林,68.96,2500187,17355.9172,1057774.6816,1057774.6816,False,1.0,153389600.0
688612,威迈斯,32.15,5875599,18958.5808,1347689.7350700002,811956.7086649999,False,0.602480443039678,419188098.0
688613,奥精医疗,21.08,2541861,5384.0027,288814.095072,288814.095072,False,1.0,137008584.0
688615,合合信息,147.47,9929354,150632.4253,2890412.0,1995834.5294740002,False,0.6905017448979592,196000000.0
688616,西力科技,14.56,2685472,3890.357,261174.75384000002,261174.75384000002,False,1.0,179378265.0
688617,惠泰医疗,232.61,1174486,27340.3493,3280772.821319,3280772.821319,False,1.0,141041779.0
688618,三旺通信,39.0,3262049,12522.4552,429723.957,429186.6072,False,0.9987495465606542,110185630.0
688619,罗普特,16.9,4233703,7155.4372,313390.29098,313390.29098,False,1.0,185438042.0
688620,安凯微,13.52,9401268,12718.9773,529984.0,314094.63904000004,False,0.5926492857142858,392000000.0
688621,阳光诺和,57.5,1828384,10524.4703,644000.0,644000.0,False,1.0,112000000.0
688622,*ST禾信,83.39,1159688,9634.2588,587611.979619,587611.979619,True,1.0,70465521.0
688623,双元科技,98.0,936103,9007.0721,579598.46,187598.46,False,0.3236697005716682,59142700.0
688625,呈和科技,82.54,3387635,28263.7345,1554401.129554,1554401.129554,False,1.0,188320951.0
688626,翔宇医疗,62.0,2117233,13037.1741,992000.0,992000.0,False,1.0,160000000.0
688627,精智达,300.0,4240831,129462.6391,2820352.62,2170550.64,False,0.7696025754396626,94011754.0
688628,优利德,95.8,4296099,40895.7375,1070733.4930399999,1070733.4930399999,False,1.0,111767588.0
688629,华丰科技,136.54,24371974,333947.742,6294396.1144739995,2482065.7237380003,False,0.39432944457220864,460992831.0
688630,芯碁微装,259.16,5868686,153254.0686,3414192.395856,3414192.395856,False,1.0,131740716.0
688631,莱斯信息,58.19,2557318,14908.5665,951231.93,377478.53,False,0.39683122285434635,163470000.0
688633,星球石墨,36.42,8565516,31253.5295,523616.400288,523616.400288,False,1.0,143771664.0
688636,智明达,46.06,4993412,22844.399,801012.8968239999,772091.8274300001,False,0.9638943773456441,173906404.0
688638,誉辰智能,44.02,1066200,4665.8615,246512.0,116481.418844,False,0.47251825,56000000.0
688639,华恒生物,27.41,3965302,10905.7904,685567.114513,685567.114513,False,1.0,250115693.0
688646,ST逸飞,61.48,1528926,9479.9944,578911.713984,356491.70622399997,True,0.6157963254373752,94162608.0
688648,中邮科技,49.7,2975572,14838.1406,675920.0,345558.75228,False,0.5112420882352942,136000000.0
688651,盛邦安全,41.98,1785280,7392.4138,316525.002,136243.680348,False,0.4304357617475033,75399000.0
688652,京仪装备,125.8,5286325,66045.2096,2113440.0,1519035.0,False,0.71875,168000000.0
688653,康希通信,15.47,13089683,20032.6973,656670.56,489488.740559,False,0.7454099062382208,424480000.0
688655,迅捷兴,53.34,25329526,136212.411,711502.26,711502.26,False,1.0,133390000.0
688656,浩欧博,143.99,1065275,15010.4378,914044.7762600001,914044.7762600001,False,1.0,63479740.0
688657,浩辰软件,54.35,854436,4617.2721,356070.15528,223077.08576999998,False,0.6264975664545114,65514288.0
688658,悦康药业,21.51,14190207,30928.0812,967950.0,967950.0,False,1.0,450000000.0
688659,元琛科技,12.08,4645229,5574.596,193280.0,193280.0,False,1.0,160000000.0
688660,电气风电,12.36,14650079,18156.7263,1648000.0824,1648000.0824,False,1.0,1333333400.0
688661,和林微纳,128.3,6166759,79237.4352,1948720.80758,1948720.80758,False,1.0,151887826.0
688662,富信科技,75.83,6583592,49965.4247,669123.92,669123.92,False,1.0,88240000.0
688663,新风光,67.94,4231183,28430.1268,961178.4324,961178.4324,False,1.0,141474600.0
688665,四方光电,52.05,1030510,5355.7561,526706.134905,526706.134905,False,1.0,101192341.0
688667,菱电电控,156.11,1705314,26329.6705,822628.7792270001,822628.7792270001,False,1.0,52695457.0
688668,鼎通科技,224.0,5565989,124278.0662,3119661.5744,3119661.5744,False,1.0,139270606.0
688669,聚石化学,35.98,5709495,20515.0787,436557.33573199995,436557.33573199995,False,1.0,121333334.0
688670,金迪克,18.73,1316748,2462.635,230753.6,230753.6,False,1.0,123200000.0
688671,碧兴物联,25.2,1187625,2963.15,197867.628,118054.74744,False,0.5966349757829007,78518900.0
688676,XD金盘科,91.21,15678997,143246.8345,4193693.184044,4193693.184044,False,1.0,459784364.0
688677,海泰新光,122.5,3578353,42950.5351,1468493.25,1468493.25,False,1.0,119877000.0
688678,福立旺,26.11,31721106,83607.5891,1052511.0741110002,1052511.0741110002,False,1.0,403106501.0
688679,通源环境,55.91,3382626,19156.9532,736276.972925,736276.972925,False,1.0,131689675.0
688680,海优新材,50.6,3084940,15572.3669,493709.04748,493709.04748,False,1.0,97570958.0
688681,科汇股份,21.2,2462845,5196.008,221900.4,221900.4,False,1.0,104670000.0
688682,霍莱沃,50.92,2228289,11232.7942,518563.65333999996,518563.65333999996,False,1.0,101838895.0
688683,莱尔科技,45.7,2109751,9686.5248,736216.946,709163.13553,False,0.9632529370357633,161097800.0
688685,迈信林,49.97,4010816,20009.8329,733817.779999,733817.779999,False,1.0,146851667.0
688686,奥普特,114.97,2626862,30022.9282,1405341.026135,1405341.026135,False,1.0,122235455.0
688687,凯因科技,20.07,2553455,5127.8994,343085.454954,343085.454954,False,1.0,170944422.0
688689,银河微电,39.64,2992340,11784.1988,510975.05563599995,510975.05563599995,False,1.0,128903899.0
688690,纳微科技,34.34,10043284,34421.6639,1386699.90301,1386699.90301,False,1.0,403814765.0
688691,灿芯股份,119.54,11525919,139350.9595,1434480.0,872223.72954,False,0.6080417499999999,120000000.0
688692,达梦数据,293.8,4475679,130318.691,3326991.2,2148754.777,False,0.6458552631578947,113240000.0
688693,锴威特,107.46,9355429,96730.4676,791810.531406,418066.832844,False,0.5279884723200741,73684211.0
688695,中创股份,25.8,1139089,2944.0345,219432.55524000002,137760.33324,False,0.6278026206700613,85051378.0
688696,极米科技,90.31,639752,5781.8472,632350.62,632350.62,False,1.0,70020000.0
688697,纽威数控,21.29,22802775,48736.2416,973662.7660200001,973662.7660200001,False,1.0,457333380.0
688698,伟创电气,74.24,9163289,68225.5503,1588905.074176,1588905.074176,False,1.0,214022774.0
688699,明微电子,62.26,8441156,52476.9399,685262.44864,685262.44864,False,1.0,110064640.0
688700,东威科技,62.0,14386643,89147.6063,1850088.432,1850088.432,False,1.0,298401360.0
688701,卓锦股份,10.88,3219569,3488.2017,146093.780736,146093.780736,False,1.0,134277372.0
688702,盛科通信,307.88,8680624,264614.3448,12623080.0,6249711.015004,False,0.4951019097560975,410000000.0
688707,振华新材,17.53,40988018,73713.7385,891821.579365,891821.579365,False,1.0,508740205.0
688708,佳驰科技,53.8,1195938,6378.7831,2152053.8,765446.763,False,0.3556819829504263,400010000.0
688709,成都华微,39.34,6463094,25433.3931,2505356.200284,872349.751434,False,0.34819390206275375,636847026.0
688710,益诺思,65.12,1613408,10572.7122,918059.2528799999,590599.093568,False,0.6433126094151982,140979615.0
688711,宏微科技,28.39,6212812,17519.7431,604970.538692,604970.538692,False,1.0,213092828.0
688712,北芯生命,45.22,7381831,32901.1318,1885674.0,167832.6734,False,0.0890040767386091,417000000.0
688716,中研股份,36.1,3649581,13268.2527,439264.8,252437.0837,False,0.5746808842866535,121680000.0
688717,艾罗能源,117.5,5775197,67777.4744,1880000.0,1163811.744,False,0.6190488,160000000.0
688718,唯赛勃,18.07,6927364,12521.7554,313974.180923,313974.180923,False,1.0,173754389.0
688719,爱科赛博,69.45,4325071,29020.7528,801351.7280100001,623121.35961,False,0.7775878404323152,115385418.0
688720,艾森股份,81.96,3237858,26626.0663,722340.8054640001,462125.90311199997,False,0.6397615912272193,88133334.0
688721,龙图光罩,45.4,3327979,15118.051,606090.0,242819.8116,False,0.4006332584269663,133500000.0
688722,同益中,18.98,6094799,11505.9802,426417.3966,425351.6696,False,0.9975007422105725,224666700.0
688726,拉普拉斯,68.89,18631385,128206.6537,2792292.116021,1515059.701386,False,0.542586390833976,405326189.0
688727,恒坤新材,54.56,5538853,29601.501,2451487.7376,274126.70824,False,0.11182055045005826,449319600.0
688728,格科微,14.5,33695765,48221.4332,3770850.66715,3623386.40085,False,0.9608936340055456,2600586667.0
688729,屹唐股份,24.39,8808423,21318.9427,7208610.84,524387.273148,False,0.07274456685027542,2955560000.0
688733,壹石通,32.3,6467691,21056.971,645273.8637,645273.8637,False,1.0,199775190.0
688737,中自科技,30.29,2057992,6232.245,362160.89776100003,362160.89776100003,False,1.0,119564509.0
688739,成大生物,23.79,3208194,7644.0313,990734.55,990734.55,False,1.0,416450000.0
688750,金天钛业,19.52,6331976,12235.8669,902800.0,454656.57235200005,False,0.5036071913513515,462500000.0
688755,汉邦科技,41.02,758323,3133.4223,360976.0,72195.2,False,0.19999999999999998,88000000.0
688757,胜科纳米,31.68,17876670,55792.4003,1277690.787648,574106.059296,False,0.44933098433997987,403311486.0
688758,赛分科技,19.81,3993354,7909.1354,825015.350404,590701.854232,False,0.7159889254699812,416464084.0
688759,必贝特,33.88,2907584,9769.7708,1524724.193916,180815.34086,False,0.11858888419393801,450036657.0
688765,禾元生物,58.02,2208630,12655.9852,2074215.0,268516.78627800004,False,0.12945465454545457,357500000.0
688766,普冉股份,317.5,5621070,178641.7305,4700558.9885,4700558.9885,False,1.0,148049102.0
688767,博拓生物,41.55,5367812,22219.1731,620480.00277,620480.00277,False,1.0,149333334.0
688768,容知日新,43.69,1403337,6107.5897,384422.68709699996,381254.445581,False,0.9917584429266514,87988713.0
688772,珠海冠宇,16.55,37212733,62016.0557,1873767.34012,1873767.34012,False,1.0,1132185704.0
688775,影石创新,200.21,1479628,29485.5749,8028421.0,656688.8,False,0.08179551122194514,401000000.0
688776,国光电气,83.83,2325929,19393.9406,908578.201477,908578.201477,False,1.0,108383419.0
688777,中控技术,81.44,22710658,188178.2359,6443447.5078879995,6410949.59256,False,0.9949564398114183,791189527.0
688778,厦钨新能,81.34,9437487,78415.2637,4105157.2691220003,4105157.2691220003,False,1.0,504691083.0
688779,五矿新能,10.66,55841358,60996.1126,2056548.366496,2056548.366496,False,1.0,1929219856.0
688781,视涯科技,46.99,7165729,32951.4316,4699000.0,191884.120803,False,0.040835097,1000000000.0
688783,西安奕材,30.66,47093932,139840.2932,12379894.8,567754.3683,False,0.045861001040170386,4037800000.0
688785,恒运昌,343.6,1390430,46273.0942,2326229.99968,437322.5694,False,0.18799627270741018,67701688.0
688786,悦安新材,32.83,3247781,10596.4952,472095.409849,472095.409849,False,1.0,143800003.0
688787,海天瑞声,143.95,2802688,40305.9631,868380.9661,868380.9661,False,1.0,60325180.0
688788,科思科技,59.7,3687018,22094.2538,936540.21576,936540.21576,False,1.0,156874408.0
688789,宏华数科,60.72,2102642,12847.5345,1094515.081704,1094515.081704,False,1.0,180256107.0
688790,昂瑞微,152.74,1597554,23972.7288,1520247.002512,184168.866854,False,0.12114404208637554,99531688.0
688793,倍轻松,22.63,1365593,3087.6873,194494.483197,194494.483197,False,1.0,85945419.0
688795,摩尔线程,703.0,3860355,274753.6034,33042983.6551,2065581.7358,False,0.06251196191483117,470028217.0
688796,百奥赛图,95.5,1453460,13873.5814,4267879.911,342726.97155,False,0.08030379923920966,446898420.0
688798,艾为电子,70.99,3335653,23504.5317,1654980.1869639999,963641.2607600001,False,0.5822675512072228,233128636.0
688799,华纳药厂,61.99,7029661,43205.8638,814052.68,814052.68,False,1.0,131320000.0
688800,瑞可达,121.0,11065836,133430.4744,2488659.4535,2488659.4535,False,1.0,205674335.0
688802,沐曦股份,784.0,3313196,263729.7409,31367840.0,1422095.4832,False,0.04533609847538115,400100000.0
688805,健信超导,55.25,4841658,26555.9707,926432.0,174141.695975,False,0.18797029460877865,167680000.0
688807,优迅股份,400.15,2830503,111474.6605,3201200.0,601651.77484,False,0.1879457,80000000.0
688808,联讯仪器,1139.0,3652630,399670.5452,11693733.3713,2197830.8016,False,0.18794945393522902,102666667.0
688809,强一股份,419.06,2640997,112170.3755,5429312.0258,1020537.1951540001,False,0.18796805015155224,129559300.0
688811,有研复材,29.55,29040900,84525.4232,1482445.502775,272232.616635,False,0.18363752065449007,501673605.0
688813,泰金新能,111.41,7061687,78897.1922,1782560.0,335087.589616,False,0.1879811,160000000.0
688816,易思维,68.7,2780995,18725.6776,687000.0,132482.74254,False,0.19284242000000001,100000000.0
688818,电科蓝天,85.64,44829422,363391.2593,14875016.19396,1130587.927196,False,0.0760058283267668,1736923890.0
688819,天能股份,28.45,8022785,22910.9554,2765624.5,2765624.5,False,1.0,972100000.0
688820,盛合晶微,127.0,48913393,596984.4225,23657231.0319,2195863.5661,False,0.09281997386503275,1862774097.0
688981,中芯国际,120.31,70861810,859573.1864,96406448.041411,24056737.027019,False,0.24953452300914072,8013169981.0
689009,九号公司,43.04,11360139,48972.7513,3110315.9475040003,2391550.620288,False,0.7689092235813526,722657051.0
