stock_code,cn_name,cn1,en
688001,华兴源创,江苏省,HXYC
688002,睿创微纳,山东省,RCWN
688003,天准科技,江苏省,TZKJ
688004,博汇科技,北京市,BHKJ
688005,容百科技,浙江省,RBKJ
688006,杭可科技,浙江省,HKKJ
688007,光峰科技,广东省,GFKJ
688008,澜起科技,上海市,LQKJ
688009,中国通号,北京市,ZGTH
688010,福光股份,福建省,FGGF
688011,新光光电,黑龙江省,XGGD
688012,中微公司,上海市,ZWGS
688013,天臣医疗,江苏省,TCYL
688015,交控科技,北京市,JKKJ
688016,心脉医疗,上海市,XMYL
688017,绿的谐波,江苏省,LDXB
688018,乐鑫科技,上海市,LXKJ
688019,安集科技,上海市,AJKJ
688020,方邦股份,广东省,FBGF
688021,奥福科技,山东省,AFKJ
688022,ST瀚川,江苏省,STHC
688023,安恒信息,浙江省,AHXX
688025,杰普特,广东省,JPT
688026,洁特生物,广东省,JTSW
688027,国盾量子,安徽省,GDLZ
688028,沃尔德,北京市,WED
688029,南微医学,江苏省,NWYX
688030,山石网科,江苏省,SSWK
688031,星环科技,上海市,XHKJ
688032,禾迈股份,浙江省,HMGF
688033,*ST天宜,北京市,STTY
688035,德邦科技,山东省,DBKJ
688036,传音控股,广东省,CYKG
688037,芯源微,辽宁省,XYW
688038,中科通达,湖北省,ZKTD
688039,当虹科技,浙江省,DHKJ
688041,海光信息,天津市,HGXX
688045,必易微,广东省,BYW
688046,药康生物,江苏省,YKSW
688047,龙芯中科,北京市,LXZK
688048,长光华芯,江苏省,CGHX
688049,炬芯科技,广东省,JXKJ
688050,爱博医疗,北京市,ABYL
688051,佳华科技,北京市,JHKJ
688052,纳芯微,江苏省,NXW
688053,ST思科瑞,四川省,STSKR
688055,龙腾光电,江苏省,LTGD
688056,莱伯泰科,北京市,LBTK
688057,金达莱,江西省,JDL
688058,宝兰德,北京市,BLD
688059,华锐精密,湖南省,HRJM
688060,云涌科技,江苏省,YYKJ
688061,灿瑞科技,上海市,CRKJ
688062,迈威生物,上海市,MWSW
688063,派能科技,上海市,PNKJ
688065,凯赛生物,上海市,KSSW
688066,*ST航图,河南省,STHT
688067,爱威科技,湖南省,AWKJ
688068,热景生物,北京市,RJSW
688069,德林海,江苏省,DLH
688070,纵横股份,四川省,ZHGF
688071,华依科技,上海市,HYKJ
688072,拓荆科技,辽宁省,TJKJ
688073,毕得医药,上海市,BDYY
688075,安旭生物,浙江省,AXSW
688076,ST诺泰,江苏省,STNT
688077,大地熊,安徽省,DDX
688078,龙软科技,北京市,LRKJ
688079,美迪凯,浙江省,MDK
688080,映翰通,北京市,YHT
688081,兴图新科,湖北省,XTXK
688082,盛美上海,上海市,SMSH
688083,中望软件,广东省,ZWRJ
688084,晶品特装,北京市,JPTZ
688085,三友医疗,上海市,SYYL
688087,英科再生,山东省,YKZS
688088,虹软科技,浙江省,HRKJ
688089,嘉必优,湖北省,JBY
688090,瑞松科技,广东省,RSKJ
688091,上海谊众,上海市,SHYZ
688092,爱科科技,浙江省,AKKJ
688093,世华科技,江苏省,SHKJ
688095,福昕软件,福建省,FXRJ
688096,京源环保,江苏省,JYHB
688097,博众精工,江苏省,BZJG
688098,申联生物,上海市,SLSW
688099,晶晨股份,上海市,JCGF
688100,威胜信息,湖南省,WSXX
688101,三达膜,陕西省,SDM
688102,斯瑞新材,陕西省,SRXC
688103,国力电子,江苏省,GLDZ
688105,诺唯赞,江苏省,NWZ
688106,金宏气体,江苏省,JHQT
688107,安路科技,上海市,ALKJ
688108,赛诺医疗,天津市,SNYL
688109,品茗科技,浙江省,PMKJ
688110,东芯股份,上海市,DXGF
688111,金山办公,北京市,JSBG
688112,鼎阳科技,广东省,DYKJ
688113,联测科技,江苏省,LCKJ
688114,华大智造,广东省,HDZZ
688115,思林杰,广东省,SLJ
688116,天奈科技,江苏省,TNKJ
688117,圣诺生物,四川省,SNSW
688118,普元信息,上海市,PYXX
688119,中钢洛耐,河南省,ZGLN
688120,华海清科,天津市,HHQK
688121,卓然股份,上海市,ZRGF
688122,西部超导,陕西省,XBCD
688123,聚辰股份,上海市,JCGF
688125,安达智能,广东省,ADZN
688126,沪硅产业,上海市,HGCY
688127,蓝特光学,浙江省,LTGX
688128,中国电研,广东省,ZGDY
688129,东来技术,上海市,DLJS
688130,晶华微,浙江省,JHW
688131,皓元医药,上海市,HYYY
688132,邦彦技术,广东省,BYJS
688133,泰坦科技,上海市,TTKJ
688135,利扬芯片,广东省,LYXP
688136,科兴制药,山东省,KXZY
688137,近岸蛋白,江苏省,JADB
688138,清溢光电,广东省,QYGD
688139,海尔生物,山东省,HESW
688141,杰华特,浙江省,JHT
688143,长盈通,湖北省,CYT
688146,中船特气,河北省,ZCTQ
688147,微导纳米,江苏省,WDNM
688148,芳源股份,广东省,FYGF
688150,莱特光电,陕西省,LTGD
688151,华强科技,湖北省,HQKJ
688152,麒麟信安,湖南省,QLXA
688153,唯捷创芯,天津市,WJCX
688155,先惠技术,上海市,XHJS
688156,路德科技,湖北省,LDKJ
688157,松井股份,湖南省,SJGF
688158,优刻得,上海市,YKD
688159,有方科技,广东省,YFKJ
688160,步科股份,上海市,BKGF
688161,威高骨科,山东省,WGGK
688162,巨一科技,安徽省,JYKJ
688163,赛伦生物,上海市,SLSW
688165,埃夫特,安徽省,AFT
688166,博瑞医药,江苏省,BRYY
688167,炬光科技,陕西省,JGKJ
688168,安博通,北京市,ABT
688169,石头科技,北京市,STKJ
688170,德龙激光,江苏省,DLJG
688171,纬德信息,广东省,WDXX
688172,燕东微,北京市,YDW
688173,希荻微,广东省,XDW
688175,高凌信息,广东省,GLXX
688176,亚虹医药,江苏省,YHYY
688177,百奥泰,广东省,BAT
688178,万德斯,江苏省,WDS
688179,阿拉丁,上海市,ALD
688180,君实生物,上海市,JSSW
688181,八亿时空,北京市,BYSK
688182,灿勤科技,江苏省,CQKJ
688183,生益电子,广东省,SYDZ
688184,ST帕瓦,浙江省,STPW
688185,康希诺,天津市,KXN
688186,广大特材,江苏省,GDTC
688187,时代电气,湖南省,SDDQ
688188,柏楚电子,上海市,BCDZ
688189,南新制药,湖南省,NXZY
688190,云路股份,山东省,YLGF
688191,智洋创新,山东省,ZYCX
688192,迪哲医药,江苏省,DZYY
688193,仁度生物,上海市,RDSW
688195,腾景科技,福建省,TJKJ
688196,卓越新能,福建省,ZYXN
688197,首药控股,北京市,SYKG
688198,佰仁医疗,北京市,BRYL
688199,久日新材,天津市,JRXC
688200,华峰测控,北京市,HFCK
688201,ST信安,北京市,STXA
688202,美迪西,上海市,MDX
688203,海正生材,浙江省,HZSC
688205,德科立,江苏省,DKL
688206,概伦电子,上海市,GLDZ
688207,格灵深瞳,北京市,GLST
688208,道通科技,广东省,DTKJ
688209,英集芯,广东省,YJX
688210,统联精密,广东省,TLJM
688211,中科微至,江苏省,ZKWZ
688212,澳华内镜,上海市,AHNJ
688213,思特威,上海市,STW
688215,瑞晟智能,浙江省,RSZN
688216,气派科技,广东省,QPKJ
688217,睿昂基因,上海市,RAJY
688218,江苏北人,江苏省,JSBR
688219,会通股份,安徽省,HTGF
688220,翱捷科技,上海市,AJKJ
688221,前沿生物,江苏省,QYSW
688222,成都先导,四川省,CDXD
688223,晶科能源,江西省,JKNY
688225,亚信安全,江苏省,YXAQ
688226,威腾电气,江苏省,WTDQ
688227,品高股份,广东省,PGGF
688228,开普云,广东省,KPY
688229,博睿数据,北京市,BRSJ
688230,芯导科技,上海市,XDKJ
688231,隆达股份,江苏省,LDGF
688232,新点软件,江苏省,XDRJ
688233,神工股份,辽宁省,SGGF
688234,天岳先进,山东省,TYXJ
688235,百济神州,,BJSZ
688236,春立医疗,北京市,CLYL
688237,超卓航科,湖北省,CZHK
688238,和元生物,上海市,HYSW
688239,航宇科技,贵州省,HYKJ
688244,永信至诚,北京市,YXZC
688246,嘉和美康,北京市,JHMK
688247,宣泰医药,上海市,XTYY
688248,南网科技,广东省,NWKJ
688249,晶合集成,安徽省,JHJC
688251,井松智能,安徽省,JSZN
688252,天德钰,广东省,TDY
688253,英诺特,北京市,YNT
688255,凯尔达,浙江省,KED
688256,DR寒武纪,北京市,HWJ
688257,新锐股份,江苏省,XRGF
688258,卓易信息,江苏省,ZYXX
688259,创耀科技,江苏省,CYKJ
688260,昀冢科技,江苏省,YZKJ
688261,东微半导,江苏省,DWBD
688262,国芯科技,江苏省,GXKJ
688265,南模生物,上海市,NMSW
688266,泽璟制药,江苏省,ZJZY
688267,中触媒,辽宁省,ZCM
688268,华特气体,广东省,HTQT
688269,凯立新材,陕西省,KLXC
688270,ST臻镭,浙江省,STZL
688271,联影医疗,上海市,LYYL
688272,富吉瑞,北京市,FJR
688273,麦澜德,江苏省,MLD
688275,万润新能,湖北省,WRXN
688276,百克生物,吉林省,BKSW
688277,天智航,北京市,TZH
688278,特宝生物,福建省,TBSW
688279,峰岹科技,广东省,FTKJ
688280,精进电动,北京市,JJDD
688281,华秦科技,陕西省,HQKJ
688282,理工导航,北京市,LGDH
688283,坤恒顺维,四川省,KHSW
688285,高铁电气,陕西省,GTDQ
688286,敏芯股份,江苏省,MXGF
688287,*ST观典,北京市,STGD
688288,鸿泉技术,浙江省,HQJS
688289,圣湘生物,湖南省,SXSW
688290,景业智能,浙江省,JYZN
688291,金橙子,北京市,JCZ
688292,浩瀚深度,北京市,HHSD
688293,奥浦迈,上海市,APM
688295,中复神鹰,江苏省,ZFSY
688296,和达科技,浙江省,HDKJ
688297,中无人机,四川省,ZWRJ
688298,东方生物,浙江省,DFSW
688299,长阳科技,浙江省,CYKJ
688300,联瑞新材,江苏省,LRXC
688301,奕瑞科技,上海市,YRKJ
688302,海创药业,四川省,HCYY
688303,大全能源,新疆维吾尔自治区,DQNY
688305,科德数控,辽宁省,KDSK
688306,均普智能,浙江省,JPZN
688307,中润光学,浙江省,ZRGX
688308,欧科亿,湖南省,OKY
688309,恒誉环保,山东省,HYHB
688310,迈得医疗,浙江省,MDYL
688311,盟升电子,四川省,MSDZ
688312,燕麦科技,广东省,YMKJ
688313,仕佳光子,河南省,SJGZ
688314,康拓医疗,陕西省,KTYL
688315,诺禾致源,北京市,NHZY
688316,青云科技,北京市,QYKJ
688317,之江生物,上海市,ZJSW
688318,财富趋势,广东省,CFQS
688319,欧林生物,四川省,OLSW
688320,禾川科技,浙江省,HCKJ
688321,微芯生物,广东省,WXSW
688322,奥比中光,广东省,ABZG
688323,瑞华泰,广东省,RHT
688325,赛微微电,广东省,SWWD
688326,经纬恒润,北京市,JWHR
688327,云从科技,广东省,YCKJ
688328,深科达,广东省,SKD
688329,艾隆科技,江苏省,ALKJ
688330,宏力达,上海市,HLD
688331,荣昌生物,山东省,RCSW
688332,中科蓝讯,广东省,ZKLX
688333,铂力特,陕西省,BLT
688334,西高院,陕西省,XGY
688335,复洁科技,上海市,FJKJ
688336,三生国健,上海市,SSGJ
688337,普源精电,江苏省,PYJD
688338,赛科希德,北京市,SKXD
688339,亿华通,北京市,YHT
688343,云天励飞,广东省,YTLF
688345,博力威,广东省,BLW
688347,华虹公司,,HHGS
688348,昱能科技,浙江省,YNKJ
688349,三一重能,北京市,SYZN
688350,富淼科技,江苏省,FMKJ
688351,微电生理,上海市,WDSL
688352,颀中科技,安徽省,QZKJ
688353,华盛锂电,江苏省,HSLD
688355,明志科技,江苏省,MZKJ
688356,键凯科技,北京市,JKKJ
688357,建龙微纳,河南省,JLWN
688358,祥生医疗,江苏省,XSYL
688359,三孚新科,广东省,SFXK
688360,德马科技,浙江省,DMKJ
688361,中科飞测,广东省,ZKFC
688362,甬矽电子,浙江省,YXDZ
688363,华熙生物,山东省,HXSW
688365,光云科技,浙江省,GYKJ
688366,昊海生科,上海市,HHSK
688367,工大高科,安徽省,GDGK
688368,晶丰明源,上海市,JFMY
688369,致远互联,北京市,ZYHL
688370,丛麟科技,上海市,CLKJ
688371,菲沃泰,江苏省,FWT
688372,伟测科技,上海市,WCKJ
688373,盟科药业,上海市,MKYY
688375,国博电子,江苏省,GBDZ
688376,美埃科技,江苏省,MAKJ
688377,迪威尔,江苏省,DWE
688378,奥来德,吉林省,ALD
688379,华光新材,浙江省,HGXC
688380,中微半导,广东省,ZWBD
688381,帝奥微,江苏省,DAW
688382,益方生物,上海市,YFSW
688383,新益昌,广东省,XYC
688385,复旦微电,上海市,FDWD
688386,泛亚微透,江苏省,FYWT
688387,信科移动,湖北省,XKYD
688388,嘉元科技,广东省,JYKJ
688389,普门科技,广东省,PMKJ
688390,固德威,江苏省,GDW
688391,钜泉科技,上海市,JQKJ
688392,骄成超声,上海市,JCCS
688393,安必平,广东省,ABP
688395,正弦电气,广东省,ZXDQ
688396,华润微,,HRW
688398,赛特新材,福建省,STXC
688399,硕世生物,江苏省,SSSW
688400,凌云光,北京市,LYG
688401,路维光电,广东省,LWGD
688403,汇成股份,安徽省,HCGF
688408,中信博,江苏省,ZXB
688409,富创精密,辽宁省,FCJM
688410,山外山,重庆市,SWS
688411,海博思创,北京市,HBSC
688416,恒烁股份,安徽省,HSGF
688418,震有科技,广东省,ZYKJ
688419,耐科装备,安徽省,NKZB
688420,美腾科技,天津市,MTKJ
688425,铁建重工,湖南省,TJZG
688426,康为世纪,江苏省,KWSJ
688428,诺诚健华,,NCJH
688429,时创能源,江苏省,SCNY
688432,有研硅,北京市,YYG
688433,华曙高科,湖南省,HSGK
688435,英方软件,上海市,YFRJ
688439,振华风光,贵州省,ZHFG
688443,智翔金泰,重庆市,ZXJT
688448,磁谷科技,江苏省,CGKJ
688449,联芸科技,浙江省,LYKJ
688450,光格科技,江苏省,GGKJ
688455,科捷智能,山东省,KJZN
688456,有研粉材,北京市,YYFC
688458,美芯晟,北京市,MXS
688459,哈铁科技,黑龙江省,HTKJ
688466,金科环境,北京市,JKHJ
688468,科美诊断,北京市,KMZD
688469,芯联集成,浙江省,XLJC
688472,阿特斯,江苏省,ATS
688475,萤石网络,浙江省,YSWL
688478,晶升股份,江苏省,JSGF
688479,友车科技,上海市,YCKJ
688480,赛恩斯,湖南省,SES
688484,南芯科技,上海市,NXKJ
688485,九州一轨,北京市,JZYG
688486,龙迅股份,安徽省,LXGF
688488,艾迪药业,江苏省,ADYY
688489,三未信安,北京市,SWXA
688496,ST清越,江苏省,STQY
688498,源杰科技,陕西省,YJKJ
688499,利元亨,广东省,LYH
688500,慧辰股份,北京市,HCGF
688501,青达环保,山东省,QDHB
688502,茂莱光学,江苏省,MLGX
688503,聚和材料,江苏省,JHCL
688505,复旦张江,上海市,FDZJ
688506,百利天恒,四川省,BLTH
688507,索辰科技,上海市,SCKJ
688508,芯朋微,江苏省,XPW
688509,正元地信,北京市,ZYDX
688510,航亚科技,江苏省,HYKJ
688511,天微电子,四川省,TWDZ
688512,慧智微,广东省,HZW
688513,苑东生物,四川省,YDSW
688515,裕太微,江苏省,YTW
688516,奥特维,江苏省,ATW
688517,金冠电气,河南省,JGDQ
688518,联赢激光,广东省,LYJG
688519,南亚新材,上海市,NYXC
688520,神州细胞,北京市,SZXB
688521,芯原股份,上海市,XYGF
688522,纳睿雷达,广东省,NRLD
688523,航天环宇,湖南省,HTHY
688525,佰维存储,广东省,BWCC
688526,科前生物,湖北省,KQSW
688528,秦川物联,四川省,QCWL
688529,豪森智能,辽宁省,HSZN
688530,欧莱新材,广东省,OLXC
688531,日联科技,江苏省,RLKJ
688533,上声电子,江苏省,SSDZ
688535,华海诚科,江苏省,HHCK
688536,思瑞浦,江苏省,SRP
688538,和辉光电,上海市,HHGD
688539,高华科技,江苏省,GHKJ
688543,国科军工,江西省,GKJG
688545,兴福电子,湖北省,XFDZ
688548,广钢气体,广东省,GGQT
688549,中巨芯,浙江省,ZJX
688550,瑞联新材,陕西省,RLXC
688551,科威尔,安徽省,KWE
688552,航天南湖,湖北省,HTNH
688553,汇宇制药,四川省,HYZY
688556,高测股份,山东省,GCGF
688557,兰剑智能,山东省,LJZN
688558,国盛智科,江苏省,GSZK
688559,海目星,广东省,HMX
688560,明冠新材,江西省,MGXC
688561,奇安信,北京市,QAX
688562,航天软件,北京市,HTRJ
688563,航材股份,北京市,HCGF
688565,力源科技,浙江省,LYKJ
688566,吉贝尔,江苏省,JBE
688567,孚能科技,江西省,FNKJ
688568,中科星图,北京市,ZKXT
688569,铁科轨道,北京市,TKGD
688570,天玛智控,北京市,TMZK
688571,杭华股份,浙江省,HHGF
688573,信宇人,广东省,XYR
688575,亚辉龙,广东省,YHL
688576,西山科技,重庆市,XSKJ
688577,浙海德曼,浙江省,ZHDM
688578,艾力斯,上海市,ALS
688579,地纬智能,山东省,DWZN
688580,伟思医疗,江苏省,WSYL
688581,安杰思,浙江省,AJS
688582,芯动联科,安徽省,XDLK
688583,思看科技,浙江省,SKKJ
688584,上海合晶,上海市,SHHJ
688585,上纬新材,上海市,SWXC
688586,江航装备,安徽省,JHZB
688588,凌志软件,江苏省,LZRJ
688589,力合微,广东省,LHW
688590,新致软件,上海市,XZRJ
688591,泰凌微,上海市,TLW
688592,司南导航,上海市,SNDH
688593,新相微,上海市,XXW
688595,芯海科技,广东省,XHKJ
688596,正帆科技,上海市,ZFKJ
688597,煜邦电力,北京市,YBDL
688598,金博股份,湖南省,JBGF
688599,天合光能,江苏省,THGN
688600,皖仪科技,安徽省,WYKJ
688601,力芯微,江苏省,LXW
688602,康鹏科技,上海市,KPKJ
688603,天承科技,上海市,TCKJ
688605,先锋精科,江苏省,XFJK
688606,奥泰生物,浙江省,ATSW
688607,康众医疗,江苏省,KZYL
688608,恒玄科技,上海市,HXKJ
688609,九联科技,广东省,JLKJ
688610,埃科光电,安徽省,AKGD
688611,杭州柯林,浙江省,HZKL
688612,威迈斯,广东省,WMS
688613,奥精医疗,北京市,AJYL
688615,合合信息,上海市,HHXX
688616,西力科技,浙江省,XLKJ
688617,惠泰医疗,广东省,HTYL
688618,三旺通信,广东省,SWTX
688619,罗普特,福建省,LPT
688620,安凯微,广东省,AKW
688621,阳光诺和,北京市,YGNH
688622,*ST禾信,广东省,STHX
688623,双元科技,浙江省,SYKJ
688625,呈和科技,广东省,CHKJ
688626,翔宇医疗,河南省,XYYL
688627,精智达,广东省,JZD
688628,优利德,广东省,YLD
688629,华丰科技,四川省,HFKJ
688630,芯碁微装,安徽省,XQWZ
688631,莱斯信息,江苏省,LSXX
688633,星球石墨,江苏省,XQSM
688636,智明达,四川省,ZMD
688638,誉辰智能,广东省,YCZN
688639,华恒生物,安徽省,HHSW
688646,ST逸飞,湖北省,STYF
688648,中邮科技,上海市,ZYKJ
688651,盛邦安全,北京市,SBAQ
688652,京仪装备,北京市,JYZB
688653,康希通信,上海市,KXTX
688655,迅捷兴,广东省,XJX
688656,浩欧博,江苏省,HOB
688657,浩辰软件,江苏省,HCRJ
688658,悦康药业,北京市,YKYY
688659,元琛科技,安徽省,YCKJ
688660,电气风电,上海市,DQFD
688661,和林微纳,江苏省,HLWN
688662,富信科技,广东省,FXKJ
688663,新风光,山东省,XFG
688665,四方光电,湖北省,SFGD
688667,菱电电控,湖北省,LDDK
688668,鼎通科技,广东省,DTKJ
688669,聚石化学,广东省,JSHX
688670,金迪克,江苏省,JDK
688671,碧兴物联,广东省,BXWL
688676,XD金盘科,海南省,JPKJ
688677,海泰新光,山东省,HTXG
688678,福立旺,江苏省,FLW
688679,通源环境,安徽省,TYHJ
688680,海优新材,上海市,HYXC
688681,科汇股份,山东省,KHGF
688682,霍莱沃,上海市,HLW
688683,莱尔科技,广东省,LEKJ
688685,迈信林,江苏省,MXL
688686,奥普特,广东省,APT
688687,凯因科技,北京市,KYKJ
688689,银河微电,江苏省,YHWD
688690,纳微科技,江苏省,NWKJ
688691,灿芯股份,上海市,CXGF
688692,达梦数据,湖北省,DMSJ
688693,锴威特,江苏省,KWT
688695,中创股份,山东省,ZCGF
688696,极米科技,四川省,JMKJ
688697,纽威数控,江苏省,NWSK
688698,伟创电气,江苏省,WCDQ
688699,明微电子,广东省,MWDZ
688700,东威科技,江苏省,DWKJ
688701,卓锦股份,浙江省,ZJGF
688702,盛科通信,江苏省,SKTX
688707,振华新材,贵州省,ZHXC
688708,佳驰科技,四川省,JCKJ
688709,成都华微,四川省,CDHW
688710,益诺思,上海市,YNS
688711,宏微科技,江苏省,HWKJ
688712,北芯生命,广东省,BXSM
688716,中研股份,吉林省,ZYGF
688717,艾罗能源,浙江省,ALNY
688718,唯赛勃,上海市,WSB
688719,爱科赛博,陕西省,AKSB
688720,艾森股份,江苏省,ASGF
688721,龙图光罩,广东省,LTGZ
688722,同益中,北京市,TYZ
688726,拉普拉斯,广东省,LPLS
688727,恒坤新材,福建省,HKXC
688728,格科微,,GKW
688729,屹唐股份,北京市,YTGF
688733,壹石通,安徽省,YST
688737,中自科技,四川省,ZZKJ
688739,成大生物,辽宁省,CDSW
688750,金天钛业,湖南省,JTTY
688755,汉邦科技,江苏省,HBKJ
688757,胜科纳米,江苏省,SKNM
688758,赛分科技,江苏省,SFKJ
688759,必贝特,广东省,BBT
688765,禾元生物,湖北省,HYSW
688766,普冉股份,上海市,PRGF
688767,博拓生物,浙江省,BTSW
688768,容知日新,安徽省,RZRX
688772,珠海冠宇,广东省,ZHGY
688775,影石创新,广东省,YSCX
688776,国光电气,四川省,GGDQ
688777,中控技术,浙江省,ZKJS
688778,厦钨新能,福建省,XWXN
688779,五矿新能,湖南省,WKXN
688781,视涯科技,安徽省,SYKJ
688783,西安奕材,陕西省,XAYC
688785,恒运昌,广东省,HYC
688786,悦安新材,江西省,YAXC
688787,海天瑞声,北京市,HTRS
688788,科思科技,广东省,KSKJ
688789,宏华数科,浙江省,HHSK
688790,昂瑞微,北京市,ARW
688793,倍轻松,广东省,BQS
688795,摩尔线程,北京市,MEXC
688796,百奥赛图,北京市,BAST
688798,艾为电子,上海市,AWDZ
688799,华纳药厂,湖南省,HNYC
688800,瑞可达,江苏省,RKD
688802,沐曦股份,上海市,MXGF
688805,健信超导,浙江省,JXCD
688807,优迅股份,福建省,YXGF
688808,联讯仪器,江苏省,LXYQ
688809,强一股份,江苏省,QYGF
688811,有研复材,北京市,YYFC
688813,泰金新能,陕西省,TJXN
688816,易思维,浙江省,YSW
688818,电科蓝天,天津市,DKLT
688819,天能股份,浙江省,TNGF
688820,盛合晶微,,SHJW
688981,中芯国际,,ZXGJ
689009,九号公司,,JHGS
